{
    "layouts": [
        "defaultCapture",
        "defaultCapture",
        "defaultCapture",
        "defaultCapture",
        "defaultCapture",
        "RANDOM487553460",
        "RANDOM305857400",
        "RANDOM3108211568",
        "RANDOM3708807917",
        "RANDOM542232921",
        "RANDOM3760823232",
        "RANDOM2937807555",
        "RANDOM2870587804",
        "RANDOM292493931",
        "RANDOM1010096652"
    ],
    "scores": [
        18,
        18,
        18,
        18,
        18,
        16,
        19,
        16,
        16,
        16,
        16,
        16,
        16,
        16,
        16
    ],
    "times": [
        4.389373064041138,
        3.718844175338745,
        5.166375637054443,
        3.6612987518310547,
        3.8925838470458984,
        6.450198173522949,
        5.762994050979614,
        5.825913906097412,
        6.3398473262786865,
        6.4980974197387695,
        5.96909236907959,
        5.813285827636719,
        6.634540796279907,
        6.097681760787964,
        5.967005968093872
    ],
    "red": {
        "name": "_teamTA_w17",
        "wins": 15,
        "ties": 0,
        "losses": 0,
        "times": [
            2.2079885005950928,
            2.0275158882141113,
            2.7977468967437744,
            2.0278778076171875,
            2.176518678665161,
            3.54177188873291,
            3.271449565887451,
            3.1734654903411865,
            3.4709250926971436,
            3.6289174556732178,
            3.160337209701538,
            3.1792287826538086,
            3.663275957107544,
            3.3006536960601807,
            3.2718024253845215
        ],
        "time_warnings": [
            0,
            0,
            0,
            0,
            0,
            0,
            0,
            0,
            0,
            0,
            0,
            0,
            0,
            0,
            0
        ],
        "crashes": 0,
        "timeouts": 0
    },
    "blue": {
        "name": "_dummy",
        "wins": 0,
        "ties": 0,
        "losses": 15,
        "times": [
            2.181384563446045,
            1.6913282871246338,
            2.368628740310669,
            1.6334209442138672,
            1.7160651683807373,
            2.908426284790039,
            2.491544485092163,
            2.6524484157562256,
            2.868922233581543,
            2.8691799640655518,
            2.8087551593780518,
            2.63405704498291,
            2.9712648391723633,
            2.797028064727783,
            2.6952035427093506
        ],
        "time_warnings": [
            0,
            0,
            0,
            0,
            0,
            0,
            0,
            0,
            0,
            0,
            0,
            0,
            0,
            0,
            0
        ],
        "crashes": 0,
        "timeouts": 0
    }
}
