{
    "layouts": [
        "defaultCapture",
        "defaultCapture",
        "defaultCapture",
        "defaultCapture",
        "defaultCapture",
        "RANDOM2595164615",
        "RANDOM3726466335",
        "RANDOM4286684386",
        "RANDOM1351761670",
        "RANDOM1471401583",
        "RANDOM1390054671",
        "RANDOM3889614480",
        "RANDOM3125466484",
        "RANDOM1312525042",
        "RANDOM2827577212"
    ],
    "scores": [
        6,
        1,
        1,
        4,
        3,
        3,
        8,
        7,
        -5,
        -7,
        -6,
        6,
        4,
        4,
        10
    ],
    "times": [
        5.882479906082153,
        5.716362953186035,
        6.492785215377808,
        6.120358467102051,
        5.698909282684326,
        8.146351099014282,
        6.826915979385376,
        7.623679876327515,
        8.035632133483887,
        7.6238532066345215,
        10.96549940109253,
        5.875766277313232,
        7.241138935089111,
        6.065709114074707,
        5.57672643661499
    ],
    "red": {
        "name": "staff_SlugTrap",
        "wins": 12,
        "ties": 0,
        "losses": 3,
        "times": [
            3.7971243858337402,
            3.3832955360412598,
            4.469424486160278,
            4.252918481826782,
            3.729844331741333,
            4.636539936065674,
            3.672671318054199,
            4.363959312438965,
            4.951619863510132,
            4.636929512023926,
            6.7222208976745605,
            3.260519504547119,
            3.8838391304016113,
            3.632256269454956,
            3.1388981342315674
        ],
        "time_warnings": [
            0,
            0,
            0,
            0,
            0,
            0,
            0,
            0,
            0,
            0,
            0,
            0,
            0,
            0,
            0
        ],
        "crashes": 0,
        "timeouts": 0
    },
    "blue": {
        "name": "_baseline",
        "wins": 3,
        "ties": 0,
        "losses": 12,
        "times": [
            2.085355520248413,
            2.3330674171447754,
            2.0233607292175293,
            1.8674399852752686,
            1.9690649509429932,
            3.5098111629486084,
            3.1542446613311768,
            3.25972056388855,
            3.084012269973755,
            2.9869236946105957,
            4.243278503417969,
            2.6152467727661133,
            3.3572998046875,
            2.433452844619751,
            2.437828302383423
        ],
        "time_warnings": [
            0,
            0,
            0,
            0,
            0,
            0,
            0,
            0,
            0,
            0,
            0,
            0,
            0,
            0,
            0
        ],
        "crashes": 0,
        "timeouts": 0
    }
}
