{
    "layouts": [
        "defaultCapture",
        "defaultCapture",
        "defaultCapture",
        "defaultCapture",
        "defaultCapture",
        "RANDOM3591707771",
        "RANDOM1535951949",
        "RANDOM3175277801",
        "RANDOM2152263888",
        "RANDOM2334551880",
        "RANDOM628537188",
        "RANDOM975035134",
        "RANDOM2625549912",
        "RANDOM3730280556",
        "RANDOM190897171"
    ],
    "scores": [
        7,
        7,
        7,
        7,
        -5,
        2,
        7,
        4,
        7,
        8,
        2,
        -9,
        2,
        1,
        1
    ],
    "times": [
        20.157188177108765,
        20.18720507621765,
        21.89840292930603,
        19.052995443344116,
        20.334038496017456,
        37.60408043861389,
        40.452765703201294,
        33.39753198623657,
        29.718077182769775,
        53.866336822509766,
        40.73336362838745,
        41.851725816726685,
        25.094399452209473,
        41.99829125404358,
        21.712950468063354
    ],
    "red": {
        "name": "staff_SomeSlug",
        "wins": 13,
        "ties": 0,
        "losses": 2,
        "times": [
            18.282683849334717,
            18.29707169532776,
            20.123592376708984,
            17.22868776321411,
            18.4730167388916,
            32.6144905090332,
            36.10269522666931,
            28.5641770362854,
            26.34805202484131,
            48.953123331069946,
            36.35201382637024,
            35.52879738807678,
            21.549582481384277,
            37.75331449508667,
            18.174628496170044
        ],
        "time_warnings": [
            0,
            0,
            0,
            0,
            0,
            0,
            0,
            0,
            0,
            0,
            0,
            0,
            0,
            0,
            0
        ],
        "crashes": 0,
        "timeouts": 0
    },
    "blue": {
        "name": "_teamTA_w17",
        "wins": 2,
        "ties": 0,
        "losses": 13,
        "times": [
            1.8745043277740479,
            1.8901333808898926,
            1.774810552597046,
            1.8243076801300049,
            1.8610217571258545,
            4.9895899295806885,
            4.350070476531982,
            4.833354949951172,
            3.370025157928467,
            4.913213491439819,
            4.381349802017212,
            6.322928428649902,
            3.5448169708251953,
            4.244976758956909,
            3.5383219718933105
        ],
        "time_warnings": [
            0,
            0,
            0,
            0,
            0,
            0,
            0,
            0,
            0,
            0,
            0,
            0,
            0,
            0,
            0
        ],
        "crashes": 0,
        "timeouts": 0
    }
}
