{
    "layouts": [
        "defaultCapture",
        "defaultCapture",
        "defaultCapture",
        "defaultCapture",
        "defaultCapture",
        "RANDOM364155279",
        "RANDOM2180719063",
        "RANDOM502891949",
        "RANDOM450038060",
        "RANDOM3454452953",
        "RANDOM2286611139",
        "RANDOM1385572127",
        "RANDOM1332542475",
        "RANDOM3133998003",
        "RANDOM3550392021"
    ],
    "scores": [
        -4,
        -4,
        -4,
        -4,
        -4,
        5,
        -3,
        1,
        3,
        4,
        2,
        -4,
        2,
        -2,
        7
    ],
    "times": [
        3.4250049591064453,
        3.677334785461426,
        3.141634702682495,
        3.2229011058807373,
        3.190551519393921,
        5.5043628215789795,
        8.432862281799316,
        13.365034818649292,
        10.550431251525879,
        7.2910943031311035,
        9.05562138557434,
        13.021653890609741,
        8.033624649047852,
        8.088046312332153,
        9.392695665359497
    ],
    "red": {
        "name": "_teamTA_w17",
        "wins": 7,
        "ties": 0,
        "losses": 8,
        "times": [
            1.54892897605896,
            1.7719736099243164,
            1.525857925415039,
            1.5005080699920654,
            1.5641508102416992,
            2.834139585494995,
            4.117473125457764,
            7.471708297729492,
            6.19865608215332,
            3.643071174621582,
            5.393829584121704,
            9.16483473777771,
            4.292453289031982,
            4.173584938049316,
            5.314796209335327
        ],
        "time_warnings": [
            0,
            0,
            0,
            0,
            0,
            0,
            0,
            0,
            0,
            0,
            0,
            0,
            0,
            0,
            0
        ],
        "crashes": 0,
        "timeouts": 0
    },
    "blue": {
        "name": "staff_SlugBrain",
        "wins": 8,
        "ties": 0,
        "losses": 7,
        "times": [
            1.8760759830474854,
            1.9053611755371094,
            1.615776777267456,
            1.7223930358886719,
            1.6264007091522217,
            2.6702232360839844,
            4.315389156341553,
            5.8933265209198,
            4.351775169372559,
            3.6480231285095215,
            3.6617918014526367,
            3.8568191528320312,
            3.741171360015869,
            3.914461374282837,
            4.07789945602417
        ],
        "time_warnings": [
            0,
            0,
            0,
            0,
            0,
            0,
            0,
            0,
            0,
            0,
            0,
            0,
            0,
            0,
            0
        ],
        "crashes": 0,
        "timeouts": 0
    }
}
