{
    "layouts": [
        "defaultCapture",
        "defaultCapture",
        "defaultCapture",
        "defaultCapture",
        "defaultCapture",
        "RANDOM1334495072",
        "RANDOM876372223",
        "RANDOM3087569853",
        "RANDOM1900182030",
        "RANDOM1236940248",
        "RANDOM2712055411",
        "RANDOM3372302692",
        "RANDOM3708085735",
        "RANDOM4191557107",
        "RANDOM2771962421"
    ],
    "scores": [
        9,
        1,
        9,
        9,
        9,
        -6,
        -14,
        3,
        3,
        -6,
        2,
        1,
        -1,
        2,
        -7
    ],
    "times": [
        31.71816897392273,
        24.729029655456543,
        30.59334087371826,
        31.660293340682983,
        31.167470693588257,
        40.84030628204346,
        40.98514699935913,
        21.873863458633423,
        19.669981002807617,
        27.0818190574646,
        28.313652992248535,
        27.518630981445312,
        34.24844145774841,
        31.135746955871582,
        32.12771272659302
    ],
    "red": {
        "name": "staff_SlugTrap",
        "wins": 10,
        "ties": 0,
        "losses": 5,
        "times": [
            2.3468685150146484,
            2.2271928787231445,
            2.420673370361328,
            2.1400859355926514,
            2.4342613220214844,
            4.949480056762695,
            3.8210794925689697,
            2.8527472019195557,
            2.661778688430786,
            3.329282283782959,
            3.9103291034698486,
            2.9712023735046387,
            3.793017864227295,
            4.471240043640137,
            4.727035760879517
        ],
        "time_warnings": [
            0,
            0,
            0,
            0,
            0,
            0,
            0,
            0,
            0,
            0,
            0,
            0,
            0,
            0,
            0
        ],
        "crashes": 0,
        "timeouts": 0
    },
    "blue": {
        "name": "staff_SomeSlug",
        "wins": 5,
        "ties": 0,
        "losses": 10,
        "times": [
            29.37130045890808,
            22.5018367767334,
            28.172667503356934,
            29.520207405090332,
            28.733209371566772,
            35.89082622528076,
            37.16406750679016,
            19.021116256713867,
            17.00820231437683,
            23.75253677368164,
            24.403323888778687,
            24.547428607940674,
            30.455423593521118,
            26.664506912231445,
            27.4006769657135
        ],
        "time_warnings": [
            0,
            0,
            0,
            0,
            0,
            0,
            0,
            0,
            0,
            0,
            0,
            0,
            0,
            0,
            0
        ],
        "crashes": 0,
        "timeouts": 0
    }
}
