{
    "layouts": [
        "defaultCapture",
        "defaultCapture",
        "defaultCapture",
        "defaultCapture",
        "defaultCapture",
        "RANDOM3710048707",
        "RANDOM249500301",
        "RANDOM773563456",
        "RANDOM4153010153",
        "RANDOM1612222951",
        "RANDOM54930723",
        "RANDOM546591806",
        "RANDOM1848925150",
        "RANDOM2190186097",
        "RANDOM883954472"
    ],
    "scores": [
        10,
        6,
        6,
        6,
        9,
        16,
        5,
        3,
        -1,
        -14,
        9,
        2,
        4,
        9,
        11
    ],
    "times": [
        20.414897680282593,
        23.695934295654297,
        17.912033557891846,
        21.365859985351562,
        27.028470039367676,
        42.059672832489014,
        42.78656458854675,
        24.760370016098022,
        37.21232509613037,
        89.50611901283264,
        37.04348945617676,
        32.96566915512085,
        30.57028365135193,
        22.888799905776978,
        38.58472228050232
    ],
    "red": {
        "name": "staff_SomeSlug",
        "wins": 13,
        "ties": 0,
        "losses": 2,
        "times": [
            18.64945960044861,
            21.457414150238037,
            16.267354488372803,
            19.794570922851562,
            24.486162185668945,
            38.385687589645386,
            36.07111644744873,
            21.612205982208252,
            34.044029712677,
            69.4040756225586,
            32.8615665435791,
            28.542404890060425,
            27.410393476486206,
            19.552833080291748,
            35.23729205131531
        ],
        "time_warnings": [
            0,
            0,
            0,
            0,
            0,
            0,
            0,
            0,
            0,
            0,
            0,
            0,
            0,
            0,
            0
        ],
        "crashes": 0,
        "timeouts": 0
    },
    "blue": {
        "name": "staff_SlugTrap",
        "wins": 2,
        "ties": 0,
        "losses": 13,
        "times": [
            1.7654380798339844,
            2.2385201454162598,
            1.644679069519043,
            1.5712890625,
            2.5423078536987305,
            3.673985242843628,
            6.7154481410980225,
            3.1481640338897705,
            3.168295383453369,
            20.102043390274048,
            4.181922912597656,
            4.423264265060425,
            3.1598901748657227,
            3.3359668254852295,
            3.3474302291870117
        ],
        "time_warnings": [
            0,
            0,
            0,
            0,
            0,
            0,
            0,
            0,
            0,
            0,
            0,
            0,
            0,
            0,
            0
        ],
        "crashes": 0,
        "timeouts": 0
    }
}
