{
    "layouts": [
        "defaultCapture",
        "defaultCapture",
        "defaultCapture",
        "defaultCapture",
        "defaultCapture",
        "RANDOM2195968032",
        "RANDOM1442928807",
        "RANDOM2496065802",
        "RANDOM2028769617",
        "RANDOM2607874627",
        "RANDOM1044322761",
        "RANDOM3616043899",
        "RANDOM304813775",
        "RANDOM1314509111",
        "RANDOM192263272"
    ],
    "scores": [
        18,
        18,
        18,
        18,
        18,
        16,
        16,
        16,
        16,
        16,
        16,
        16,
        16,
        16,
        16
    ],
    "times": [
        21.60876750946045,
        18.641844987869263,
        17.066267490386963,
        25.664790868759155,
        26.37545371055603,
        31.248615026474,
        32.51723647117615,
        40.02910089492798,
        23.54094696044922,
        42.29694366455078,
        24.9106183052063,
        39.29569220542908,
        32.68341827392578,
        34.7856388092041,
        20.034144401550293
    ],
    "red": {
        "name": "staff_SomeSlug",
        "wins": 15,
        "ties": 0,
        "losses": 0,
        "times": [
            20.383821725845337,
            17.145992040634155,
            15.876515865325928,
            23.93351650238037,
            24.36558961868286,
            28.509851217269897,
            28.00996422767639,
            37.35634803771973,
            20.49153232574463,
            39.22950482368469,
            21.756786823272705,
            36.42891526222229,
            28.9440016746521,
            30.624830961227417,
            17.820928812026978
        ],
        "time_warnings": [
            0,
            0,
            0,
            0,
            0,
            0,
            0,
            0,
            0,
            0,
            0,
            0,
            0,
            0,
            0
        ],
        "crashes": 0,
        "timeouts": 0
    },
    "blue": {
        "name": "_dummy",
        "wins": 0,
        "ties": 0,
        "losses": 15,
        "times": [
            1.2249457836151123,
            1.4958529472351074,
            1.1897516250610352,
            1.7312743663787842,
            2.009864091873169,
            2.7387638092041016,
            4.507272243499756,
            2.672752857208252,
            3.04941463470459,
            3.067438840866089,
            3.1538314819335938,
            2.866776943206787,
            3.7394165992736816,
            4.160807847976685,
            2.2132155895233154
        ],
        "time_warnings": [
            0,
            0,
            0,
            0,
            0,
            0,
            0,
            0,
            0,
            0,
            0,
            0,
            0,
            0,
            0
        ],
        "crashes": 0,
        "timeouts": 0
    }
}
