{
    "layouts": [
        "defaultCapture",
        "defaultCapture",
        "defaultCapture",
        "defaultCapture",
        "defaultCapture",
        "RANDOM459989617",
        "RANDOM4072497100",
        "RANDOM726218742",
        "RANDOM301015253",
        "RANDOM1218966496",
        "RANDOM2136570421",
        "RANDOM3902703086",
        "RANDOM414490378",
        "RANDOM2288930359",
        "RANDOM2695175017"
    ],
    "scores": [
        -1,
        1,
        -2,
        -1,
        1,
        -3,
        -2,
        -16,
        -2,
        -3,
        6,
        3,
        -3,
        -1,
        2
    ],
    "times": [
        5.727346420288086,
        4.39225697517395,
        4.467708587646484,
        4.645419120788574,
        4.596233367919922,
        8.469744443893433,
        9.513885259628296,
        7.366274118423462,
        9.666456699371338,
        9.876511812210083,
        7.403493404388428,
        7.875146389007568,
        6.537424087524414,
        8.099907159805298,
        6.8794379234313965
    ],
    "red": {
        "name": "staff_SlugTrap",
        "wins": 5,
        "ties": 0,
        "losses": 10,
        "times": [
            2.9557321071624756,
            2.179654121398926,
            2.1579837799072266,
            2.258699417114258,
            2.228649616241455,
            4.2088303565979,
            4.3340699672698975,
            3.5852279663085938,
            4.920994520187378,
            4.629240274429321,
            3.913486957550049,
            3.8735461235046387,
            3.2211949825286865,
            4.1432554721832275,
            3.36690092086792
        ],
        "time_warnings": [
            0,
            0,
            0,
            0,
            0,
            0,
            0,
            0,
            0,
            0,
            0,
            0,
            0,
            0,
            0
        ],
        "crashes": 0,
        "timeouts": 0
    },
    "blue": {
        "name": "_teamTA_w17",
        "wins": 10,
        "ties": 0,
        "losses": 5,
        "times": [
            2.7716143131256104,
            2.2126028537750244,
            2.309724807739258,
            2.3867197036743164,
            2.367583751678467,
            4.260914087295532,
            5.179815292358398,
            3.781046152114868,
            4.74546217918396,
            5.247271537780762,
            3.490006446838379,
            4.00160026550293,
            3.3162291049957275,
            3.9566516876220703,
            3.5125370025634766
        ],
        "time_warnings": [
            0,
            0,
            0,
            0,
            0,
            0,
            0,
            0,
            0,
            0,
            0,
            0,
            0,
            0,
            0
        ],
        "crashes": 0,
        "timeouts": 0
    }
}
