{
    "layouts": [
        "defaultCapture",
        "defaultCapture",
        "defaultCapture",
        "defaultCapture",
        "defaultCapture",
        "RANDOM1356212460",
        "RANDOM1187137713",
        "RANDOM2395630848",
        "RANDOM2199883268",
        "RANDOM2270331110",
        "RANDOM3761106346",
        "RANDOM1128672826",
        "RANDOM334820343",
        "RANDOM1268858562",
        "RANDOM349280476"
    ],
    "scores": [
        -18,
        -18,
        -18,
        -18,
        -18,
        -16,
        -16,
        -16,
        -16,
        -16,
        -16,
        -16,
        -16,
        -16,
        -16
    ],
    "times": [
        3.7328336238861084,
        3.1538496017456055,
        3.379971981048584,
        3.199434757232666,
        3.184044599533081,
        4.939374685287476,
        4.1686928272247314,
        6.161178827285767,
        4.955819368362427,
        4.263955116271973,
        4.135737657546997,
        6.230149030685425,
        6.956059455871582,
        7.201600790023804,
        6.514890909194946
    ],
    "red": {
        "name": "_dummy",
        "wins": 0,
        "ties": 0,
        "losses": 15,
        "times": [
            1.8953874111175537,
            1.4516398906707764,
            1.5136394500732422,
            1.3036301136016846,
            1.4356436729431152,
            2.072740316390991,
            1.979914665222168,
            3.079835891723633,
            2.36922550201416,
            2.001687526702881,
            1.892331838607788,
            3.1914925575256348,
            3.2269275188446045,
            3.2414321899414062,
            2.846452236175537
        ],
        "time_warnings": [
            0,
            0,
            0,
            0,
            0,
            0,
            0,
            0,
            0,
            0,
            0,
            0,
            0,
            0,
            0
        ],
        "crashes": 0,
        "timeouts": 0
    },
    "blue": {
        "name": "_baseline",
        "wins": 15,
        "ties": 0,
        "losses": 0,
        "times": [
            1.8374462127685547,
            1.702209711074829,
            1.8663325309753418,
            1.8958046436309814,
            1.7484009265899658,
            2.8666343688964844,
            2.1887781620025635,
            3.081342935562134,
            2.5865938663482666,
            2.262267589569092,
            2.243405818939209,
            3.03865647315979,
            3.7291319370269775,
            3.9601686000823975,
            3.668438673019409
        ],
        "time_warnings": [
            0,
            0,
            0,
            0,
            0,
            0,
            0,
            0,
            0,
            0,
            0,
            0,
            0,
            0,
            0
        ],
        "crashes": 0,
        "timeouts": 0
    }
}
