{
    "layouts": [
        "defaultCapture",
        "defaultCapture",
        "defaultCapture",
        "defaultCapture",
        "defaultCapture",
        "RANDOM1096812073",
        "RANDOM4022220802",
        "RANDOM33665821",
        "RANDOM798492391",
        "RANDOM710446781",
        "RANDOM1336456250",
        "RANDOM3144634535",
        "RANDOM3267742174",
        "RANDOM1287982310",
        "RANDOM283493914"
    ],
    "scores": [
        -5,
        -6,
        -10,
        -6,
        -9,
        -11,
        2,
        -4,
        6,
        -1,
        -3,
        -14,
        1,
        1,
        3
    ],
    "times": [
        49.92702865600586,
        36.536032915115356,
        33.325989961624146,
        28.790791511535645,
        35.24656891822815,
        26.80364680290222,
        45.59607148170471,
        41.601900577545166,
        53.42356753349304,
        33.07708024978638,
        16.86518383026123,
        14.91601824760437,
        31.290318489074707,
        60.91348934173584,
        8.935726404190063
    ],
    "red": {
        "name": "_baseline",
        "wins": 5,
        "ties": 0,
        "losses": 10,
        "times": [
            1.8078444004058838,
            2.995314598083496,
            1.7212250232696533,
            1.7370870113372803,
            1.859654426574707,
            2.048689365386963,
            2.8939571380615234,
            4.697054147720337,
            3.7501845359802246,
            2.725785493850708,
            1.8742291927337646,
            1.130115032196045,
            1.380521297454834,
            1.4755222797393799,
            1.404315710067749
        ],
        "time_warnings": [
            0,
            0,
            0,
            0,
            0,
            0,
            0,
            0,
            0,
            0,
            0,
            0,
            0,
            0,
            0
        ],
        "crashes": 0,
        "timeouts": 0
    },
    "blue": {
        "name": "staff_SomeSlug",
        "wins": 10,
        "ties": 0,
        "losses": 5,
        "times": [
            48.119184255599976,
            33.54071831703186,
            31.604764938354492,
            27.053704500198364,
            33.38691449165344,
            24.75495743751526,
            42.70211434364319,
            36.90484642982483,
            49.67338299751282,
            30.35129475593567,
            14.990954637527466,
            13.785903215408325,
            29.909797191619873,
            59.43796706199646,
            7.5314106941223145
        ],
        "time_warnings": [
            0,
            0,
            0,
            0,
            0,
            0,
            0,
            0,
            0,
            0,
            0,
            0,
            1,
            0,
            0
        ],
        "crashes": 2,
        "timeouts": 2
    }
}
