{
    "layouts": [
        "defaultCapture",
        "defaultCapture",
        "defaultCapture",
        "defaultCapture",
        "defaultCapture",
        "RANDOM3306298894",
        "RANDOM562523951",
        "RANDOM3184227472",
        "RANDOM1307171681",
        "RANDOM3978069161",
        "RANDOM3652942975",
        "RANDOM3490409188",
        "RANDOM3188174841",
        "RANDOM2159834552",
        "RANDOM722026846"
    ],
    "scores": [
        -1,
        -1,
        -1,
        -1,
        -1,
        1,
        2,
        3,
        2,
        2,
        3,
        -15,
        5,
        3,
        1
    ],
    "times": [
        22.19349718093872,
        20.395168781280518,
        20.762639045715332,
        24.01044225692749,
        18.17452359199524,
        25.34593415260315,
        34.41410708427429,
        37.34839391708374,
        38.517874240875244,
        24.818847179412842,
        29.22350025177002,
        57.44017934799194,
        42.36174011230469,
        34.33413100242615,
        40.897127628326416
    ],
    "red": {
        "name": "staff_SomeSlug",
        "wins": 9,
        "ties": 0,
        "losses": 6,
        "times": [
            20.19862198829651,
            18.488283395767212,
            18.992520332336426,
            21.685827493667603,
            16.53053593635559,
            22.34560203552246,
            30.406543254852295,
            34.23655700683594,
            32.936492919921875,
            21.470893621444702,
            25.583770036697388,
            53.33996558189392,
            37.00622272491455,
            30.614352464675903,
            37.231576681137085
        ],
        "time_warnings": [
            0,
            0,
            0,
            0,
            0,
            0,
            0,
            0,
            0,
            0,
            0,
            0,
            0,
            0,
            0
        ],
        "crashes": 0,
        "timeouts": 0
    },
    "blue": {
        "name": "staff_SlugBrain",
        "wins": 6,
        "ties": 0,
        "losses": 9,
        "times": [
            1.994875192642212,
            1.9068853855133057,
            1.7701187133789062,
            2.3246147632598877,
            1.6439876556396484,
            3.0003321170806885,
            4.007563829421997,
            3.1118369102478027,
            5.581381320953369,
            3.3479535579681396,
            3.639730215072632,
            4.1002137660980225,
            5.355517387390137,
            3.719778537750244,
            3.665550947189331
        ],
        "time_warnings": [
            0,
            0,
            0,
            0,
            0,
            0,
            0,
            0,
            0,
            0,
            0,
            0,
            0,
            0,
            0
        ],
        "crashes": 0,
        "timeouts": 0
    }
}
