{
    "layouts": [
        "defaultCapture",
        "defaultCapture",
        "defaultCapture",
        "defaultCapture",
        "defaultCapture",
        "RANDOM3332968568",
        "RANDOM3517273077",
        "RANDOM836384246",
        "RANDOM3545595789",
        "RANDOM1931728347",
        "RANDOM1674284280",
        "RANDOM116325758",
        "RANDOM2098569758",
        "RANDOM3805424139",
        "RANDOM2963468226"
    ],
    "scores": [
        -7,
        -8,
        -8,
        -8,
        -8,
        -1,
        -4,
        6,
        -4,
        -4,
        -8,
        4,
        -1,
        2,
        -2
    ],
    "times": [
        26.4593608379364,
        24.651785612106323,
        23.71078324317932,
        26.66324210166931,
        24.253537893295288,
        26.4064462184906,
        30.731968641281128,
        34.117788553237915,
        21.73156428337097,
        30.99244999885559,
        41.18584704399109,
        43.00494194030762,
        46.39011192321777,
        24.53236746788025,
        25.776718854904175
    ],
    "red": {
        "name": "_teamTA_w17",
        "wins": 3,
        "ties": 0,
        "losses": 12,
        "times": [
            2.2086007595062256,
            2.0477545261383057,
            2.1463608741760254,
            2.513498306274414,
            2.0447094440460205,
            4.050442218780518,
            3.8167312145233154,
            3.50071120262146,
            3.0779688358306885,
            3.422680377960205,
            3.319843292236328,
            4.243144512176514,
            4.091790437698364,
            2.94569993019104,
            2.8202645778656006
        ],
        "time_warnings": [
            0,
            0,
            0,
            0,
            0,
            0,
            0,
            0,
            0,
            0,
            0,
            0,
            0,
            0,
            0
        ],
        "crashes": 0,
        "timeouts": 0
    },
    "blue": {
        "name": "staff_SomeSlug",
        "wins": 12,
        "ties": 0,
        "losses": 3,
        "times": [
            24.250760078430176,
            22.604031085968018,
            21.564422369003296,
            24.149743795394897,
            22.208828449249268,
            22.356003999710083,
            26.915237426757812,
            30.617077350616455,
            18.653595447540283,
            27.569769620895386,
            37.86600375175476,
            38.7617974281311,
            42.29832148551941,
            21.58666753768921,
            22.956454277038574
        ],
        "time_warnings": [
            0,
            0,
            0,
            0,
            0,
            0,
            0,
            0,
            0,
            0,
            0,
            0,
            0,
            0,
            0
        ],
        "crashes": 0,
        "timeouts": 0
    }
}
