{
    "layouts": [
        "defaultCapture",
        "defaultCapture",
        "defaultCapture",
        "defaultCapture",
        "defaultCapture",
        "RANDOM1849950657",
        "RANDOM626898278",
        "RANDOM160954465",
        "RANDOM2137730710",
        "RANDOM627266397",
        "RANDOM3833156311",
        "RANDOM76134516",
        "RANDOM2059594903",
        "RANDOM2793034179",
        "RANDOM2075713610"
    ],
    "scores": [
        -1,
        -1,
        -1,
        2,
        3,
        3,
        -10,
        1,
        1,
        -6,
        -2,
        -4,
        -2,
        -16,
        -2
    ],
    "times": [
        21.672543048858643,
        18.29880404472351,
        23.640021562576294,
        41.92226243019104,
        30.313993215560913,
        45.396016120910645,
        42.64598369598389,
        36.57020711898804,
        36.215598583221436,
        36.39280962944031,
        27.3052761554718,
        33.91836953163147,
        28.134515047073364,
        30.275315523147583,
        40.315824031829834
    ],
    "red": {
        "name": "staff_SlugBrain",
        "wins": 5,
        "ties": 0,
        "losses": 10,
        "times": [
            1.9388720989227295,
            1.7426495552062988,
            2.2611494064331055,
            3.675065755844116,
            2.698341131210327,
            3.67236590385437,
            3.7254981994628906,
            4.517629861831665,
            3.198025941848755,
            3.941668748855591,
            3.527994394302368,
            3.303194284439087,
            3.4517102241516113,
            3.3364648818969727,
            3.663167953491211
        ],
        "time_warnings": [
            0,
            0,
            0,
            0,
            0,
            0,
            0,
            0,
            0,
            0,
            0,
            0,
            0,
            0,
            0
        ],
        "crashes": 0,
        "timeouts": 0
    },
    "blue": {
        "name": "staff_SomeSlug",
        "wins": 10,
        "ties": 0,
        "losses": 5,
        "times": [
            19.733670949935913,
            16.556154489517212,
            21.37887215614319,
            38.247196674346924,
            27.615652084350586,
            41.723650217056274,
            38.920485496520996,
            32.05257725715637,
            33.01757264137268,
            32.45114088058472,
            23.777281761169434,
            30.615175247192383,
            24.682804822921753,
            26.93885064125061,
            36.65265607833862
        ],
        "time_warnings": [
            0,
            0,
            0,
            0,
            0,
            0,
            0,
            0,
            0,
            0,
            0,
            0,
            0,
            0,
            0
        ],
        "crashes": 0,
        "timeouts": 0
    }
}
