{
    "layouts": [
        "defaultCapture",
        "defaultCapture",
        "defaultCapture",
        "defaultCapture",
        "defaultCapture",
        "RANDOM3372344301",
        "RANDOM1839378181",
        "RANDOM131622327",
        "RANDOM3766406910",
        "RANDOM3232635437",
        "RANDOM911374321",
        "RANDOM44209131",
        "RANDOM3699943757",
        "RANDOM2636653824",
        "RANDOM1815344630"
    ],
    "scores": [
        1,
        -6,
        -1,
        1,
        1,
        -7,
        -1,
        -1,
        4,
        -5,
        -1,
        -1,
        -1,
        -2,
        -1
    ],
    "times": [
        3.7824251651763916,
        4.7803192138671875,
        3.5683891773223877,
        3.7141170501708984,
        3.5502521991729736,
        5.677749872207642,
        8.374483585357666,
        17.20705533027649,
        9.206576824188232,
        9.02368974685669,
        7.979464769363403,
        8.53959846496582,
        9.013388395309448,
        9.615312576293945,
        8.12107515335083
    ],
    "red": {
        "name": "staff_SlugBrain",
        "wins": 4,
        "ties": 0,
        "losses": 11,
        "times": [
            1.9065842628479004,
            2.173470973968506,
            1.6965186595916748,
            1.89320707321167,
            1.7815368175506592,
            2.7853610515594482,
            4.45841121673584,
            6.353902339935303,
            4.799533128738403,
            3.942047119140625,
            3.8288116455078125,
            4.004885196685791,
            4.674955368041992,
            3.9681293964385986,
            3.736661672592163
        ],
        "time_warnings": [
            0,
            0,
            0,
            0,
            0,
            0,
            0,
            0,
            0,
            0,
            0,
            0,
            0,
            0,
            0
        ],
        "crashes": 0,
        "timeouts": 0
    },
    "blue": {
        "name": "staff_SlugTrap",
        "wins": 11,
        "ties": 0,
        "losses": 4,
        "times": [
            1.8758409023284912,
            2.6068482398986816,
            1.871870517730713,
            1.8209099769592285,
            1.7687153816223145,
            2.8923888206481934,
            3.916072368621826,
            10.853152990341187,
            4.407043695449829,
            5.0816426277160645,
            4.150653123855591,
            4.534713268280029,
            4.338433027267456,
            5.647183179855347,
            4.384413480758667
        ],
        "time_warnings": [
            0,
            0,
            0,
            0,
            0,
            0,
            0,
            0,
            0,
            0,
            0,
            0,
            0,
            0,
            0
        ],
        "crashes": 0,
        "timeouts": 0
    }
}
