{
    "layouts": [
        "defaultCapture",
        "defaultCapture",
        "defaultCapture",
        "defaultCapture",
        "defaultCapture",
        "RANDOM2171987607",
        "RANDOM2679688669",
        "RANDOM2345407995",
        "RANDOM1636621195",
        "RANDOM1373826822",
        "RANDOM3998820353",
        "RANDOM2439348647",
        "RANDOM3714121459",
        "RANDOM4054677108",
        "RANDOM3454670535"
    ],
    "scores": [
        -18,
        -18,
        -18,
        -18,
        -18,
        -16,
        -16,
        -16,
        -16,
        -16,
        -16,
        -16,
        -16,
        -16,
        -16
    ],
    "times": [
        4.04941463470459,
        3.7340712547302246,
        4.303839683532715,
        3.729241132736206,
        3.880671501159668,
        5.486326456069946,
        6.1231842041015625,
        6.810888767242432,
        5.6286461353302,
        6.271130561828613,
        6.552475452423096,
        6.648758172988892,
        7.34263801574707,
        7.688930034637451,
        9.561200618743896
    ],
    "red": {
        "name": "_dummy",
        "wins": 0,
        "ties": 0,
        "losses": 15,
        "times": [
            1.6940028667449951,
            1.578444004058838,
            2.0520431995391846,
            1.6629269123077393,
            1.7036919593811035,
            2.4286656379699707,
            2.6484687328338623,
            2.788895845413208,
            2.4731216430664062,
            2.8867504596710205,
            2.7668726444244385,
            2.9884960651397705,
            3.2320423126220703,
            2.6282143592834473,
            5.297200918197632
        ],
        "time_warnings": [
            0,
            0,
            0,
            0,
            0,
            0,
            0,
            0,
            0,
            0,
            0,
            0,
            0,
            0,
            0
        ],
        "crashes": 0,
        "timeouts": 0
    },
    "blue": {
        "name": "staff_SlugBrain",
        "wins": 15,
        "ties": 0,
        "losses": 0,
        "times": [
            2.3554117679595947,
            2.1556272506713867,
            2.2517964839935303,
            2.066314220428467,
            2.1769795417785645,
            3.0576608180999756,
            3.4747154712677,
            4.021992921829224,
            3.155524492263794,
            3.3843801021575928,
            3.7856028079986572,
            3.660262107849121,
            4.110595703125,
            5.060715675354004,
            4.263999700546265
        ],
        "time_warnings": [
            0,
            0,
            0,
            0,
            0,
            0,
            0,
            0,
            0,
            0,
            0,
            0,
            0,
            0,
            0
        ],
        "crashes": 0,
        "timeouts": 0
    }
}
