{
    "layouts": [
        "defaultCapture",
        "defaultCapture",
        "defaultCapture",
        "defaultCapture",
        "defaultCapture",
        "RANDOM3642534589",
        "RANDOM2397310868",
        "RANDOM2978933637",
        "RANDOM2596375075",
        "RANDOM2067074912",
        "RANDOM1955664154",
        "RANDOM1664061491",
        "RANDOM1303421164",
        "RANDOM141635363",
        "RANDOM2893982519"
    ],
    "scores": [
        -18,
        -18,
        -18,
        -18,
        -18,
        -16,
        -16,
        -16,
        -16,
        -16,
        -16,
        -16,
        -16,
        -16,
        -16
    ],
    "times": [
        3.876936435699463,
        3.7623746395111084,
        3.9212234020233154,
        4.007998943328857,
        3.693281888961792,
        6.675814867019653,
        6.49788761138916,
        6.0943567752838135,
        5.4529900550842285,
        6.020849943161011,
        5.69494104385376,
        6.717196941375732,
        5.840743064880371,
        9.171627521514893,
        4.901256561279297
    ],
    "red": {
        "name": "_dummy",
        "wins": 0,
        "ties": 0,
        "losses": 15,
        "times": [
            1.522834300994873,
            1.7799854278564453,
            1.8683106899261475,
            1.871324062347412,
            1.6645174026489258,
            3.21403169631958,
            3.1190855503082275,
            2.730990409851074,
            2.398394823074341,
            2.8852076530456543,
            2.6052653789520264,
            3.0984623432159424,
            2.689399003982544,
            4.727057933807373,
            2.2234790325164795
        ],
        "time_warnings": [
            0,
            0,
            0,
            0,
            0,
            0,
            0,
            0,
            0,
            0,
            0,
            0,
            0,
            0,
            0
        ],
        "crashes": 0,
        "timeouts": 0
    },
    "blue": {
        "name": "staff_SlugTrap",
        "wins": 15,
        "ties": 0,
        "losses": 0,
        "times": [
            2.35410213470459,
            1.982389211654663,
            2.052912712097168,
            2.1366748809814453,
            2.028764486312866,
            3.4617831707000732,
            3.3788020610809326,
            3.3633663654327393,
            3.0545952320098877,
            3.1356422901153564,
            3.0896756649017334,
            3.61873459815979,
            3.151344060897827,
            4.4445695877075195,
            2.6777775287628174
        ],
        "time_warnings": [
            0,
            0,
            0,
            0,
            0,
            0,
            0,
            0,
            0,
            0,
            0,
            0,
            0,
            0,
            0
        ],
        "crashes": 0,
        "timeouts": 0
    }
}
