{
    "layouts": [
        "defaultCapture",
        "defaultCapture",
        "defaultCapture",
        "defaultCapture",
        "defaultCapture",
        "RANDOM1192170971",
        "RANDOM3339211274",
        "RANDOM2605717333",
        "RANDOM3953146783",
        "RANDOM3401072116",
        "RANDOM3126781746",
        "RANDOM478780034",
        "RANDOM567578626",
        "RANDOM4057437676",
        "RANDOM4293848158"
    ],
    "scores": [
        -4,
        -2,
        -4,
        -1,
        -1,
        -2,
        4,
        -4,
        2,
        -1,
        -1,
        -2,
        -3,
        2,
        -2
    ],
    "times": [
        4.098904371261597,
        4.385084390640259,
        3.5767741203308105,
        3.8279428482055664,
        3.738471031188965,
        6.226750612258911,
        8.05877161026001,
        9.458832502365112,
        9.36350679397583,
        9.492920637130737,
        19.91455364227295,
        9.188049554824829,
        7.299875497817993,
        8.005388736724854,
        8.289243459701538
    ],
    "red": {
        "name": "staff_SlugBrain",
        "wins": 3,
        "ties": 0,
        "losses": 12,
        "times": [
            1.8582665920257568,
            2.282407522201538,
            1.5005309581756592,
            1.7310960292816162,
            1.7606496810913086,
            2.825289011001587,
            3.7027621269226074,
            4.544368028640747,
            4.610353469848633,
            4.305837392807007,
            5.912088394165039,
            4.51104736328125,
            3.5332682132720947,
            4.356958866119385,
            4.004123210906982
        ],
        "time_warnings": [
            0,
            0,
            0,
            0,
            0,
            0,
            0,
            0,
            0,
            0,
            0,
            0,
            0,
            0,
            0
        ],
        "crashes": 0,
        "timeouts": 0
    },
    "blue": {
        "name": "_teamTA_w17",
        "wins": 12,
        "ties": 0,
        "losses": 3,
        "times": [
            2.24063777923584,
            2.1026768684387207,
            2.0762431621551514,
            2.09684681892395,
            1.9778213500976562,
            3.401461601257324,
            4.356009483337402,
            4.914464473724365,
            4.753153324127197,
            5.1870832443237305,
            14.00246524810791,
            4.677002191543579,
            3.7666072845458984,
            3.6484298706054688,
            4.285120248794556
        ],
        "time_warnings": [
            0,
            0,
            0,
            0,
            0,
            0,
            0,
            0,
            0,
            0,
            0,
            0,
            0,
            0,
            0
        ],
        "crashes": 0,
        "timeouts": 0
    }
}
