{
    "layouts": [
        "defaultCapture",
        "defaultCapture",
        "defaultCapture",
        "defaultCapture",
        "defaultCapture",
        "RANDOM941720418",
        "RANDOM1389205176",
        "RANDOM438795783",
        "RANDOM1713697366",
        "RANDOM2678865485",
        "RANDOM1764157272",
        "RANDOM2037409460",
        "RANDOM3685574992",
        "RANDOM2693070103",
        "RANDOM55136745"
    ],
    "scores": [
        18,
        18,
        18,
        18,
        18,
        16,
        16,
        19,
        16,
        16,
        20,
        16,
        16,
        16,
        16
    ],
    "times": [
        1.4057695865631104,
        1.4693894386291504,
        1.3603215217590332,
        1.430091142654419,
        1.914459228515625,
        4.173245429992676,
        4.117048978805542,
        3.540151596069336,
        3.2064321041107178,
        1.8878400325775146,
        2.1060874462127686,
        4.929406404495239,
        1.9359219074249268,
        4.261176824569702,
        4.980573892593384
    ],
    "red": {
        "name": "_baseline",
        "wins": 15,
        "ties": 0,
        "losses": 0,
        "times": [
            0.8043732643127441,
            0.8763093948364258,
            0.7431633472442627,
            0.8249385356903076,
            1.068371057510376,
            2.260626792907715,
            2.170236587524414,
            2.18530011177063,
            1.5091476440429688,
            1.0089149475097656,
            1.170788049697876,
            2.7552196979522705,
            1.0511691570281982,
            2.4083001613616943,
            2.796494245529175
        ],
        "time_warnings": [
            0,
            0,
            0,
            0,
            0,
            0,
            0,
            0,
            0,
            0,
            0,
            0,
            0,
            0,
            0
        ],
        "crashes": 0,
        "timeouts": 0
    },
    "blue": {
        "name": "_dummy",
        "wins": 0,
        "ties": 0,
        "losses": 15,
        "times": [
            0.6013963222503662,
            0.5930800437927246,
            0.6171581745147705,
            0.6051526069641113,
            0.846088171005249,
            1.912618637084961,
            1.946812391281128,
            1.354851484298706,
            1.697284460067749,
            0.878925085067749,
            0.9352993965148926,
            2.1741867065429688,
            0.8847527503967285,
            1.8528766632080078,
            2.184079647064209
        ],
        "time_warnings": [
            0,
            0,
            0,
            0,
            0,
            0,
            0,
            0,
            0,
            0,
            0,
            0,
            0,
            0,
            0
        ],
        "crashes": 0,
        "timeouts": 0
    }
}
