{
    "layouts": [
        "defaultCapture",
        "defaultCapture",
        "defaultCapture",
        "defaultCapture",
        "defaultCapture",
        "RANDOM36640542",
        "RANDOM2253063317",
        "RANDOM1455082344",
        "RANDOM2539469458",
        "RANDOM3328313984",
        "RANDOM3819960699",
        "RANDOM850692516",
        "RANDOM1825131594",
        "RANDOM809840330",
        "RANDOM2077357137"
    ],
    "scores": [
        18,
        18,
        18,
        18,
        18,
        16,
        16,
        16,
        16,
        16,
        16,
        16,
        16,
        16,
        16
    ],
    "times": [
        3.0158495903015137,
        2.800402879714966,
        2.7750403881073,
        2.6289844512939453,
        4.1575706005096436,
        6.77630090713501,
        4.032350301742554,
        3.060034990310669,
        3.405174732208252,
        5.863224744796753,
        4.260249376296997,
        4.813605308532715,
        4.846256971359253,
        5.397463083267212,
        3.998208522796631
    ],
    "red": {
        "name": "_baseline",
        "wins": 15,
        "ties": 0,
        "losses": 0,
        "times": [
            1.638702154159546,
            1.501389980316162,
            1.5065789222717285,
            1.4354791641235352,
            2.2237606048583984,
            3.732208251953125,
            2.1457815170288086,
            1.6995508670806885,
            1.7478229999542236,
            3.411298990249634,
            2.262547016143799,
            2.61116623878479,
            2.7155048847198486,
            2.671312093734741,
            2.1638474464416504
        ],
        "time_warnings": [
            0,
            0,
            0,
            0,
            0,
            0,
            0,
            0,
            0,
            0,
            0,
            0,
            0,
            0,
            0
        ],
        "crashes": 0,
        "timeouts": 0
    },
    "blue": {
        "name": "_dummy",
        "wins": 0,
        "ties": 0,
        "losses": 15,
        "times": [
            1.3771474361419678,
            1.2990128993988037,
            1.2684614658355713,
            1.1935052871704102,
            1.9338099956512451,
            3.0440926551818848,
            1.8865687847137451,
            1.3604841232299805,
            1.6573517322540283,
            2.451925754547119,
            1.9977023601531982,
            2.202439069747925,
            2.1307520866394043,
            2.7261509895324707,
            1.8343610763549805
        ],
        "time_warnings": [
            0,
            0,
            0,
            0,
            0,
            0,
            0,
            0,
            0,
            0,
            0,
            0,
            0,
            0,
            0
        ],
        "crashes": 0,
        "timeouts": 0
    }
}
