{
    "layouts": [
        "defaultCapture",
        "defaultCapture",
        "defaultCapture",
        "defaultCapture",
        "defaultCapture",
        "RANDOM3938895082",
        "RANDOM3178070035",
        "RANDOM3335135832",
        "RANDOM3742290250",
        "RANDOM2758678957",
        "RANDOM3513703345",
        "RANDOM4242557772",
        "RANDOM1046287491",
        "RANDOM1400352077",
        "RANDOM2505649719"
    ],
    "scores": [
        -18,
        -18,
        -18,
        -18,
        -18,
        -16,
        -16,
        -16,
        -16,
        -16,
        -16,
        -16,
        -16,
        -16,
        -17
    ],
    "times": [
        23.252564191818237,
        24.428641080856323,
        24.925907373428345,
        34.89760375022888,
        20.521066904067993,
        20.311111450195312,
        26.53819441795349,
        29.042984008789062,
        19.901909112930298,
        26.310312509536743,
        32.232502937316895,
        29.39753484725952,
        36.38910388946533,
        24.821797132492065,
        25.159486055374146
    ],
    "red": {
        "name": "_dummy",
        "wins": 0,
        "ties": 0,
        "losses": 15,
        "times": [
            1.6386537551879883,
            1.6531426906585693,
            2.026587724685669,
            1.620542287826538,
            1.4373033046722412,
            2.601442813873291,
            2.2869606018066406,
            3.6128575801849365,
            1.8617510795593262,
            3.21769118309021,
            3.51499342918396,
            2.26567006111145,
            5.094860553741455,
            3.1133413314819336,
            2.442643404006958
        ],
        "time_warnings": [
            0,
            0,
            0,
            0,
            0,
            0,
            0,
            0,
            0,
            0,
            0,
            0,
            0,
            0,
            0
        ],
        "crashes": 0,
        "timeouts": 0
    },
    "blue": {
        "name": "staff_SomeSlug",
        "wins": 15,
        "ties": 0,
        "losses": 0,
        "times": [
            21.61391043663025,
            22.775498390197754,
            22.899319648742676,
            33.277061462402344,
            19.083763599395752,
            17.70966863632202,
            24.25123381614685,
            25.430126428604126,
            18.04015803337097,
            23.092621326446533,
            28.717509508132935,
            27.13186478614807,
            31.294243335723877,
            21.708455801010132,
            22.716842651367188
        ],
        "time_warnings": [
            0,
            0,
            0,
            0,
            0,
            0,
            0,
            0,
            0,
            0,
            0,
            0,
            0,
            0,
            0
        ],
        "crashes": 0,
        "timeouts": 0
    }
}
