{
    "layouts": [
        "defaultCapture",
        "defaultCapture",
        "defaultCapture",
        "defaultCapture",
        "defaultCapture",
        "RANDOM1212312540",
        "RANDOM972931178",
        "RANDOM3160575920",
        "RANDOM3506952982",
        "RANDOM1586283189",
        "RANDOM3828450911",
        "RANDOM2839153139",
        "RANDOM1359326048",
        "RANDOM2706782841",
        "RANDOM3393513409"
    ],
    "scores": [
        10,
        1,
        -4,
        10,
        6,
        5,
        8,
        -1,
        16,
        3,
        4,
        -2,
        -7,
        6,
        -11
    ],
    "times": [
        4.4648168087005615,
        6.255816459655762,
        6.849456548690796,
        4.197828769683838,
        5.275418281555176,
        8.562246322631836,
        7.257805824279785,
        11.192653894424438,
        6.592885494232178,
        8.228600025177002,
        7.86203145980835,
        7.235109567642212,
        10.399870157241821,
        8.12794804573059,
        15.736109972000122
    ],
    "red": {
        "name": "_teamTA_w17",
        "wins": 10,
        "ties": 0,
        "losses": 5,
        "times": [
            2.493180990219116,
            4.2258477210998535,
            4.83930516242981,
            2.2461061477661133,
            3.251171827316284,
            5.19861364364624,
            3.929986000061035,
            7.92840051651001,
            3.4739673137664795,
            5.107564687728882,
            4.4751386642456055,
            4.33132266998291,
            7.314066648483276,
            4.898360967636108,
            12.72695779800415
        ],
        "time_warnings": [
            0,
            0,
            0,
            0,
            0,
            0,
            0,
            0,
            0,
            0,
            0,
            0,
            0,
            0,
            0
        ],
        "crashes": 0,
        "timeouts": 0
    },
    "blue": {
        "name": "_baseline",
        "wins": 5,
        "ties": 0,
        "losses": 10,
        "times": [
            1.9716358184814453,
            2.029968738555908,
            2.0101513862609863,
            1.9517226219177246,
            2.0242464542388916,
            3.3636326789855957,
            3.32781982421875,
            3.2642533779144287,
            3.1189181804656982,
            3.12103533744812,
            3.386892795562744,
            2.9037868976593018,
            3.085803508758545,
            3.2295870780944824,
            3.0091521739959717
        ],
        "time_warnings": [
            0,
            0,
            0,
            0,
            0,
            0,
            0,
            0,
            0,
            0,
            0,
            0,
            0,
            0,
            0
        ],
        "crashes": 0,
        "timeouts": 0
    }
}
