{
    "layouts": [
        "defaultCapture",
        "defaultCapture",
        "defaultCapture",
        "defaultCapture",
        "defaultCapture",
        "RANDOM3179877662",
        "RANDOM1027089588",
        "RANDOM441902159",
        "RANDOM1041015392",
        "RANDOM1550719321",
        "RANDOM2773665297",
        "RANDOM3872154523",
        "RANDOM4113894428",
        "RANDOM1071559556",
        "RANDOM2844754120"
    ],
    "scores": [
        6,
        4,
        -6,
        2,
        6,
        -3,
        -3,
        5,
        -15,
        -3,
        -5,
        -8,
        -4,
        -2,
        2
    ],
    "times": [
        6.440122365951538,
        3.9090328216552734,
        4.664403915405273,
        5.892526149749756,
        9.073885202407837,
        5.241007328033447,
        3.548133373260498,
        6.2576212882995605,
        4.443407773971558,
        7.38355278968811,
        6.288471460342407,
        5.910458326339722,
        6.535500764846802,
        10.4866943359375,
        6.484281539916992
    ],
    "red": {
        "name": "_baseline",
        "wins": 6,
        "ties": 0,
        "losses": 9,
        "times": [
            1.8240532875061035,
            1.4597718715667725,
            1.5105845928192139,
            1.5194296836853027,
            2.0479395389556885,
            2.601543664932251,
            1.612989902496338,
            2.234265089035034,
            1.987760066986084,
            2.9773213863372803,
            2.3764920234680176,
            2.596198081970215,
            2.2619435787200928,
            3.5028908252716064,
            2.861372947692871
        ],
        "time_warnings": [
            0,
            0,
            0,
            0,
            0,
            0,
            0,
            0,
            0,
            0,
            0,
            0,
            0,
            0,
            0
        ],
        "crashes": 0,
        "timeouts": 0
    },
    "blue": {
        "name": "staff_SlugTrap",
        "wins": 9,
        "ties": 0,
        "losses": 6,
        "times": [
            4.616069078445435,
            2.449260950088501,
            3.1538193225860596,
            4.373096466064453,
            7.025945663452148,
            2.6394636631011963,
            1.9351434707641602,
            4.023356199264526,
            2.4556477069854736,
            4.40623140335083,
            3.9119794368743896,
            3.314260244369507,
            4.273557186126709,
            6.9838035106658936,
            3.622908592224121
        ],
        "time_warnings": [
            0,
            0,
            0,
            0,
            0,
            0,
            0,
            0,
            0,
            0,
            0,
            0,
            0,
            0,
            0
        ],
        "crashes": 0,
        "timeouts": 0
    }
}
