{
    "layouts": [
        "defaultCapture",
        "defaultCapture",
        "defaultCapture",
        "defaultCapture",
        "defaultCapture",
        "RANDOM1516483601",
        "RANDOM3394595103",
        "RANDOM4174722479",
        "RANDOM659720713",
        "RANDOM1167576012",
        "RANDOM333872371",
        "RANDOM336087447",
        "RANDOM2076616081",
        "RANDOM4121846840",
        "RANDOM3026054189"
    ],
    "scores": [
        -18,
        -18,
        -18,
        -18,
        -18,
        -16,
        -16,
        -16,
        -17,
        -16,
        -16,
        -16,
        -16,
        -16,
        -16
    ],
    "times": [
        1.4058473110198975,
        1.4984197616577148,
        1.4140064716339111,
        1.5348668098449707,
        1.3942129611968994,
        2.6713898181915283,
        4.125598669052124,
        5.4532082080841064,
        3.0726420879364014,
        4.359827995300293,
        4.44112753868103,
        3.790262222290039,
        3.2456068992614746,
        4.1345062255859375,
        4.1681809425354
    ],
    "red": {
        "name": "_dummy",
        "wins": 0,
        "ties": 0,
        "losses": 15,
        "times": [
            0.6438899040222168,
            0.6191744804382324,
            0.5856668949127197,
            0.7263531684875488,
            0.5787901878356934,
            1.3239989280700684,
            1.907883882522583,
            2.1901984214782715,
            1.7927861213684082,
            2.378589630126953,
            2.266538381576538,
            1.3074867725372314,
            1.2675955295562744,
            1.9624261856079102,
            1.980172872543335
        ],
        "time_warnings": [
            0,
            0,
            0,
            0,
            0,
            0,
            0,
            0,
            0,
            0,
            0,
            0,
            0,
            0,
            0
        ],
        "crashes": 0,
        "timeouts": 0
    },
    "blue": {
        "name": "_baseline",
        "wins": 15,
        "ties": 0,
        "losses": 0,
        "times": [
            0.7619574069976807,
            0.8792452812194824,
            0.8283395767211914,
            0.8085136413574219,
            0.815422773361206,
            1.34739089012146,
            2.217714786529541,
            3.263009786605835,
            1.2798559665679932,
            1.9812383651733398,
            2.174589157104492,
            2.4827754497528076,
            1.9780113697052002,
            2.1720800399780273,
            2.1880080699920654
        ],
        "time_warnings": [
            0,
            0,
            0,
            0,
            0,
            0,
            0,
            0,
            0,
            0,
            0,
            0,
            0,
            0,
            0
        ],
        "crashes": 0,
        "timeouts": 0
    }
}
