{
    "layouts": [
        "defaultCapture",
        "defaultCapture",
        "defaultCapture",
        "defaultCapture",
        "defaultCapture",
        "RANDOM2363145",
        "RANDOM3077119262",
        "RANDOM752977408",
        "RANDOM1955514523",
        "RANDOM237912156",
        "RANDOM2190369065",
        "RANDOM240536674",
        "RANDOM870670363",
        "RANDOM3685387199",
        "RANDOM1324487988"
    ],
    "scores": [
        3,
        3,
        3,
        3,
        -1,
        3,
        -1,
        2,
        12,
        -7,
        -2,
        1,
        1,
        10,
        1
    ],
    "times": [
        3.4579660892486572,
        3.648993968963623,
        3.315717935562134,
        3.2369496822357178,
        3.280740737915039,
        5.7838454246521,
        7.616836786270142,
        11.451506853103638,
        14.30875849723816,
        9.423935890197754,
        10.002594232559204,
        8.944656372070312,
        7.114400386810303,
        11.58953046798706,
        6.639089345932007
    ],
    "red": {
        "name": "_teamTA_w17",
        "wins": 11,
        "ties": 0,
        "losses": 4,
        "times": [
            1.7702836990356445,
            1.8731393814086914,
            1.7434759140014648,
            1.582040786743164,
            1.548037052154541,
            2.7860119342803955,
            3.9913129806518555,
            6.428950548171997,
            6.392685651779175,
            4.741687059402466,
            4.84901762008667,
            4.591670989990234,
            3.5244970321655273,
            5.411671161651611,
            3.39189076423645
        ],
        "time_warnings": [
            0,
            0,
            0,
            0,
            0,
            0,
            0,
            0,
            0,
            0,
            0,
            0,
            0,
            0,
            0
        ],
        "crashes": 0,
        "timeouts": 0
    },
    "blue": {
        "name": "staff_SlugTrap",
        "wins": 4,
        "ties": 0,
        "losses": 11,
        "times": [
            1.6876823902130127,
            1.7758545875549316,
            1.572242021560669,
            1.6549088954925537,
            1.732703685760498,
            2.997833490371704,
            3.625523805618286,
            5.022556304931641,
            7.916072845458984,
            4.682248830795288,
            5.153576612472534,
            4.352985382080078,
            3.5899033546447754,
            6.177859306335449,
            3.2471985816955566
        ],
        "time_warnings": [
            0,
            0,
            0,
            0,
            0,
            0,
            0,
            0,
            0,
            0,
            0,
            0,
            0,
            0,
            0
        ],
        "crashes": 0,
        "timeouts": 0
    }
}
