{
    "layouts": [
        "defaultCapture",
        "defaultCapture",
        "defaultCapture",
        "defaultCapture",
        "defaultCapture",
        "RANDOM654981465",
        "RANDOM767194733",
        "RANDOM943461558",
        "RANDOM2148443274",
        "RANDOM3876872898",
        "RANDOM828725942",
        "RANDOM225165115",
        "RANDOM130496984",
        "RANDOM2247773228",
        "RANDOM1020403633"
    ],
    "scores": [
        -1,
        10,
        1,
        -3,
        -9,
        -9,
        -14,
        -13,
        -6,
        -3,
        -2,
        4,
        4,
        -2,
        -4
    ],
    "times": [
        3.4214391708374023,
        3.7735743522644043,
        3.214777708053589,
        3.485764741897583,
        3.525660514831543,
        7.357411623001099,
        9.938168048858643,
        8.424506187438965,
        8.079910516738892,
        7.128385543823242,
        7.260487794876099,
        7.857065916061401,
        8.346179962158203,
        8.579919815063477,
        6.877622127532959
    ],
    "red": {
        "name": "staff_SlugBrain",
        "wins": 4,
        "ties": 0,
        "losses": 11,
        "times": [
            1.9538898468017578,
            1.9538264274597168,
            1.859910249710083,
            1.980748176574707,
            1.877906084060669,
            3.9938979148864746,
            5.872181415557861,
            4.255150079727173,
            4.841146469116211,
            3.848712682723999,
            4.1316187381744385,
            3.851579427719116,
            4.5487754344940186,
            4.376602411270142,
            3.873987913131714
        ],
        "time_warnings": [
            0,
            0,
            0,
            0,
            0,
            0,
            0,
            0,
            0,
            0,
            0,
            0,
            0,
            0,
            0
        ],
        "crashes": 0,
        "timeouts": 0
    },
    "blue": {
        "name": "_baseline",
        "wins": 11,
        "ties": 0,
        "losses": 4,
        "times": [
            1.4675493240356445,
            1.8197479248046875,
            1.3548674583435059,
            1.505016565322876,
            1.647754430770874,
            3.363513708114624,
            4.065986633300781,
            4.169356107711792,
            3.2387640476226807,
            3.279672861099243,
            3.12886905670166,
            4.005486488342285,
            3.7974045276641846,
            4.203317403793335,
            3.003634214401245
        ],
        "time_warnings": [
            0,
            0,
            0,
            0,
            0,
            0,
            0,
            0,
            0,
            0,
            0,
            0,
            0,
            0,
            0
        ],
        "crashes": 0,
        "timeouts": 0
    }
}
