{
    "layouts": [
        "defaultCapture",
        "defaultCapture",
        "defaultCapture",
        "defaultCapture",
        "defaultCapture",
        "RANDOM2961439964",
        "RANDOM3823428556",
        "RANDOM3214737142",
        "RANDOM4259383195",
        "RANDOM18670733",
        "RANDOM1274735050",
        "RANDOM38288202",
        "RANDOM3620074921",
        "RANDOM2809513887",
        "RANDOM1327811021"
    ],
    "scores": [
        -18,
        -18,
        -18,
        -18,
        -18,
        -16,
        -16,
        -16,
        -16,
        -16,
        -16,
        -16,
        -16,
        -16,
        -16
    ],
    "times": [
        3.74627685546875,
        3.533287286758423,
        3.939258098602295,
        3.5272929668426514,
        3.6254940032958984,
        6.314468622207642,
        6.056031703948975,
        6.080562353134155,
        6.580002069473267,
        6.21509313583374,
        6.248004674911499,
        6.147700071334839,
        6.85676646232605,
        9.807297229766846,
        6.759638071060181
    ],
    "red": {
        "name": "_dummy",
        "wins": 0,
        "ties": 0,
        "losses": 15,
        "times": [
            1.6583800315856934,
            1.5962557792663574,
            1.7582943439483643,
            1.701446294784546,
            1.6795732975006104,
            2.5475242137908936,
            2.8146162033081055,
            2.733074903488159,
            3.4884207248687744,
            3.0027432441711426,
            2.9206702709198,
            2.800316572189331,
            3.0477774143218994,
            3.2882232666015625,
            2.9247663021087646
        ],
        "time_warnings": [
            0,
            0,
            0,
            0,
            0,
            0,
            0,
            0,
            0,
            0,
            0,
            0,
            0,
            0,
            0
        ],
        "crashes": 0,
        "timeouts": 0
    },
    "blue": {
        "name": "_teamTA_w17",
        "wins": 15,
        "ties": 0,
        "losses": 0,
        "times": [
            2.0878968238830566,
            1.9370315074920654,
            2.1809637546539307,
            1.8258466720581055,
            1.945920705795288,
            3.766944408416748,
            3.241415500640869,
            3.347487449645996,
            3.091581344604492,
            3.2123498916625977,
            3.327334403991699,
            3.347383499145508,
            3.8089890480041504,
            6.519073963165283,
            3.834871768951416
        ],
        "time_warnings": [
            0,
            0,
            0,
            0,
            0,
            0,
            0,
            0,
            0,
            0,
            0,
            0,
            0,
            0,
            0
        ],
        "crashes": 0,
        "timeouts": 0
    }
}
