{
    "layouts": [
        "defaultCapture",
        "defaultCapture",
        "defaultCapture",
        "defaultCapture",
        "defaultCapture",
        "RANDOM3848060067",
        "RANDOM3066651045",
        "RANDOM2222547512",
        "RANDOM1260787754",
        "RANDOM3822829412",
        "RANDOM862768825",
        "RANDOM3637243884",
        "RANDOM3107992614",
        "RANDOM1677827990",
        "RANDOM134853985"
    ],
    "scores": [
        18,
        18,
        18,
        18,
        18,
        17,
        16,
        16,
        16,
        16,
        16,
        16,
        16,
        16,
        16
    ],
    "times": [
        3.730803966522217,
        4.110299587249756,
        3.864302396774292,
        4.056764841079712,
        4.165150165557861,
        6.312061309814453,
        5.918116092681885,
        5.986364364624023,
        6.324547290802002,
        5.779998540878296,
        5.394990682601929,
        6.130868673324585,
        5.700655937194824,
        6.301072359085083,
        5.74094557762146
    ],
    "red": {
        "name": "staff_SlugTrap",
        "wins": 15,
        "ties": 0,
        "losses": 0,
        "times": [
            2.061741828918457,
            2.2383604049682617,
            2.142275094985962,
            2.1723225116729736,
            2.4560158252716064,
            3.5708158016204834,
            3.0783517360687256,
            3.312344789505005,
            3.7022929191589355,
            2.9919161796569824,
            3.0411674976348877,
            3.2970387935638428,
            3.074176073074341,
            3.6183629035949707,
            3.1278598308563232
        ],
        "time_warnings": [
            0,
            0,
            0,
            0,
            0,
            0,
            0,
            0,
            0,
            0,
            0,
            0,
            0,
            0,
            0
        ],
        "crashes": 0,
        "timeouts": 0
    },
    "blue": {
        "name": "_dummy",
        "wins": 0,
        "ties": 0,
        "losses": 15,
        "times": [
            1.6690621376037598,
            1.8719391822814941,
            1.72202730178833,
            1.8844423294067383,
            1.7091343402862549,
            2.7412455081939697,
            2.839764356613159,
            2.6740195751190186,
            2.6222543716430664,
            2.7880823612213135,
            2.353823184967041,
            2.833829879760742,
            2.6264798641204834,
            2.6827094554901123,
            2.6130857467651367
        ],
        "time_warnings": [
            0,
            0,
            0,
            0,
            0,
            0,
            0,
            0,
            0,
            0,
            0,
            0,
            0,
            0,
            0
        ],
        "crashes": 0,
        "timeouts": 0
    }
}
