{
    "layouts": [
        "defaultCapture",
        "defaultCapture",
        "defaultCapture",
        "defaultCapture",
        "defaultCapture",
        "RANDOM1875841396",
        "RANDOM3150057368",
        "RANDOM1650572591",
        "RANDOM2714404941",
        "RANDOM3524321350",
        "RANDOM1065610129",
        "RANDOM4103156",
        "RANDOM459290222",
        "RANDOM196867762",
        "RANDOM305460780"
    ],
    "scores": [
        -10,
        -6,
        -10,
        -10,
        -6,
        -6,
        12,
        -2,
        -16,
        -16,
        -8,
        -8,
        -6,
        -6,
        12
    ],
    "times": [
        6.117738962173462,
        7.069047451019287,
        5.5799641609191895,
        7.835714817047119,
        10.71366834640503,
        9.578150749206543,
        11.933642387390137,
        6.975244760513306,
        9.31104850769043,
        7.358734607696533,
        10.409194469451904,
        6.296644687652588,
        5.808808088302612,
        8.508509159088135,
        7.196935653686523
    ],
    "red": {
        "name": "_baseline",
        "wins": 2,
        "ties": 0,
        "losses": 13,
        "times": [
            2.1045801639556885,
            2.4437193870544434,
            2.627401113510132,
            3.3055388927459717,
            2.6134703159332275,
            4.0770416259765625,
            3.480189323425293,
            2.9387500286102295,
            3.8781838417053223,
            3.4649553298950195,
            4.273511648178101,
            2.779836416244507,
            2.229282855987549,
            3.431985378265381,
            2.4541049003601074
        ],
        "time_warnings": [
            0,
            0,
            0,
            0,
            0,
            0,
            0,
            0,
            0,
            0,
            0,
            0,
            0,
            0,
            0
        ],
        "crashes": 0,
        "timeouts": 0
    },
    "blue": {
        "name": "_teamTA_w17",
        "wins": 13,
        "ties": 0,
        "losses": 2,
        "times": [
            4.013158798217773,
            4.625328063964844,
            2.9525630474090576,
            4.5301759243011475,
            8.100198030471802,
            5.5011091232299805,
            8.453453063964844,
            4.036494731903076,
            5.432864665985107,
            3.8937792778015137,
            6.135682821273804,
            3.516808271408081,
            3.5795252323150635,
            5.076523780822754,
            4.742830753326416
        ],
        "time_warnings": [
            0,
            0,
            0,
            0,
            0,
            0,
            0,
            0,
            0,
            0,
            0,
            0,
            0,
            0,
            0
        ],
        "crashes": 0,
        "timeouts": 0
    }
}
