{
    "layouts": [
        "defaultCapture",
        "defaultCapture",
        "defaultCapture",
        "defaultCapture",
        "defaultCapture",
        "RANDOM2690053759",
        "RANDOM3362005824",
        "RANDOM3782932011",
        "RANDOM3044263898",
        "RANDOM3048261152",
        "RANDOM405327414",
        "RANDOM1588468519",
        "RANDOM1798454293",
        "RANDOM1126072651",
        "RANDOM2804041325"
    ],
    "scores": [
        6,
        10,
        6,
        14,
        18,
        5,
        -2,
        6,
        13,
        16,
        8,
        7,
        12,
        -4,
        2
    ],
    "times": [
        37.898033142089844,
        43.52250647544861,
        36.62605547904968,
        36.55376076698303,
        29.802698373794556,
        91.950603723526,
        26.648160457611084,
        44.69614863395691,
        26.30815553665161,
        35.10208320617676,
        47.650094747543335,
        28.40816831588745,
        55.452027797698975,
        32.22295165061951,
        24.764776468276978
    ],
    "red": {
        "name": "staff_SomeSlug",
        "wins": 13,
        "ties": 0,
        "losses": 2,
        "times": [
            35.56382155418396,
            41.20465564727783,
            34.666590213775635,
            34.319390296936035,
            26.98664355278015,
            87.64530992507935,
            24.129029989242554,
            41.96996998786926,
            23.688099145889282,
            31.500900745391846,
            43.97237539291382,
            25.51233696937561,
            53.19275450706482,
            29.988396644592285,
            22.535268545150757
        ],
        "time_warnings": [
            0,
            0,
            0,
            0,
            0,
            0,
            0,
            0,
            0,
            0,
            0,
            0,
            0,
            1,
            0
        ],
        "crashes": 0,
        "timeouts": 0
    },
    "blue": {
        "name": "_baseline",
        "wins": 2,
        "ties": 0,
        "losses": 13,
        "times": [
            2.334211587905884,
            2.3178508281707764,
            1.9594652652740479,
            2.234370470046997,
            2.8160548210144043,
            4.305293798446655,
            2.5191304683685303,
            2.7261786460876465,
            2.620056390762329,
            3.601182460784912,
            3.6777193546295166,
            2.895831346511841,
            2.2592732906341553,
            2.2345550060272217,
            2.2295079231262207
        ],
        "time_warnings": [
            0,
            0,
            0,
            0,
            0,
            0,
            0,
            0,
            0,
            0,
            0,
            0,
            0,
            0,
            0
        ],
        "crashes": 0,
        "timeouts": 0
    }
}
