{
    "layouts": [
        "defaultCapture",
        "defaultCapture",
        "defaultCapture",
        "defaultCapture",
        "defaultCapture",
        "RANDOM3569709259",
        "RANDOM1015692870",
        "RANDOM2624922977",
        "RANDOM3414876593",
        "RANDOM2028946414",
        "RANDOM169379688",
        "RANDOM1102329152",
        "RANDOM3295296328",
        "RANDOM1311296236",
        "RANDOM1315362982"
    ],
    "scores": [
        -4,
        -4,
        -4,
        -4,
        -4,
        1,
        -5,
        -1,
        -7,
        9,
        1,
        -8,
        4,
        -1,
        2
    ],
    "times": [
        5.489938735961914,
        4.510882139205933,
        4.571558952331543,
        4.526975154876709,
        4.224758625030518,
        7.401020050048828,
        9.719274520874023,
        8.276612758636475,
        8.514302015304565,
        6.717487573623657,
        7.744122743606567,
        6.9989705085754395,
        9.235833168029785,
        7.326871156692505,
        7.788440465927124
    ],
    "red": {
        "name": "staff_SlugTrap",
        "wins": 5,
        "ties": 0,
        "losses": 10,
        "times": [
            2.6366937160491943,
            2.1838293075561523,
            2.319955587387085,
            2.25256085395813,
            2.1506967544555664,
            3.551119804382324,
            5.540465831756592,
            4.528024435043335,
            4.5107102394104,
            3.1821401119232178,
            3.768427848815918,
            3.5026843547821045,
            5.576620101928711,
            3.78767466545105,
            4.313218593597412
        ],
        "time_warnings": [
            0,
            0,
            0,
            0,
            0,
            0,
            0,
            0,
            0,
            0,
            0,
            0,
            0,
            0,
            0
        ],
        "crashes": 0,
        "timeouts": 0
    },
    "blue": {
        "name": "staff_SlugBrain",
        "wins": 10,
        "ties": 0,
        "losses": 5,
        "times": [
            2.8532450199127197,
            2.3270528316497803,
            2.251603364944458,
            2.274414300918579,
            2.074061870574951,
            3.849900245666504,
            4.178808689117432,
            3.7485883235931396,
            4.003591775894165,
            3.5353474617004395,
            3.9756948947906494,
            3.496286153793335,
            3.659213066101074,
            3.539196491241455,
            3.475221872329712
        ],
        "time_warnings": [
            0,
            0,
            0,
            0,
            0,
            0,
            0,
            0,
            0,
            0,
            0,
            0,
            0,
            0,
            0
        ],
        "crashes": 0,
        "timeouts": 0
    }
}
