{
    "layouts": [
        "defaultCapture",
        "defaultCapture",
        "defaultCapture",
        "defaultCapture",
        "defaultCapture",
        "RANDOM314076385",
        "RANDOM4149984123",
        "RANDOM697999213",
        "RANDOM603293484",
        "RANDOM63940001",
        "RANDOM2707386765",
        "RANDOM2321153647",
        "RANDOM1012148800",
        "RANDOM2310149096",
        "RANDOM3827618635"
    ],
    "scores": [
        -1,
        -5,
        2,
        -10,
        -10,
        -6,
        4,
        -5,
        -6,
        -6,
        -5,
        -4,
        -6,
        0,
        -4
    ],
    "times": [
        4.2880871295928955,
        4.228169918060303,
        5.2757651805877686,
        5.153271198272705,
        3.916625738143921,
        8.12859845161438,
        8.234579086303711,
        9.683381795883179,
        10.544357299804688,
        8.239663124084473,
        8.128101825714111,
        8.498331069946289,
        6.678565740585327,
        10.306677341461182,
        7.320852518081665
    ],
    "red": {
        "name": "_baseline",
        "wins": 2,
        "ties": 1,
        "losses": 12,
        "times": [
            1.9062812328338623,
            1.6864168643951416,
            1.9687602519989014,
            2.655590534210205,
            1.7323675155639648,
            3.624323606491089,
            3.5713913440704346,
            4.748739957809448,
            4.734044313430786,
            3.3646936416625977,
            4.046390771865845,
            3.6026980876922607,
            2.846771478652954,
            4.289823055267334,
            3.6316983699798584
        ],
        "time_warnings": [
            0,
            0,
            0,
            0,
            0,
            0,
            0,
            0,
            0,
            0,
            0,
            0,
            0,
            0,
            0
        ],
        "crashes": 0,
        "timeouts": 0
    },
    "blue": {
        "name": "staff_SlugBrain",
        "wins": 12,
        "ties": 1,
        "losses": 2,
        "times": [
            2.381805896759033,
            2.541753053665161,
            3.307004928588867,
            2.4976806640625,
            2.184258222579956,
            4.504274845123291,
            4.663187742233276,
            4.9346418380737305,
            5.810312986373901,
            4.874969482421875,
            4.081711053848267,
            4.895632982254028,
            3.831794261932373,
            6.016854286193848,
            3.6891541481018066
        ],
        "time_warnings": [
            0,
            0,
            0,
            0,
            0,
            0,
            0,
            0,
            0,
            0,
            0,
            0,
            0,
            0,
            0
        ],
        "crashes": 0,
        "timeouts": 0
    }
}
