{
    "layouts": [
        "defaultCapture",
        "defaultCapture",
        "defaultCapture",
        "defaultCapture",
        "defaultCapture",
        "RANDOM499442983",
        "RANDOM815995477",
        "RANDOM2166181687",
        "RANDOM1995505070",
        "RANDOM1918876510",
        "RANDOM804272774",
        "RANDOM669315095",
        "RANDOM4225187410",
        "RANDOM90421852",
        "RANDOM193274026"
    ],
    "scores": [
        18,
        18,
        18,
        18,
        18,
        20,
        16,
        21,
        16,
        16,
        15,
        16,
        16,
        16,
        16
    ],
    "times": [
        2.957200765609741,
        3.260009288787842,
        3.0375447273254395,
        2.8293442726135254,
        2.8794138431549072,
        5.216106176376343,
        6.008084058761597,
        9.43327808380127,
        7.620547533035278,
        8.143001794815063,
        13.628337383270264,
        6.7769269943237305,
        7.53878378868103,
        7.124557256698608,
        7.295076608657837
    ],
    "red": {
        "name": "staff_SlugBrain",
        "wins": 15,
        "ties": 0,
        "losses": 0,
        "times": [
            1.6600453853607178,
            1.9122626781463623,
            1.7688872814178467,
            1.5760271549224854,
            1.6895835399627686,
            3.3712878227233887,
            3.508028030395508,
            5.5257792472839355,
            3.966386556625366,
            4.033548355102539,
            7.817904710769653,
            3.9770326614379883,
            3.9498329162597656,
            3.606231689453125,
            3.76204252243042
        ],
        "time_warnings": [
            0,
            0,
            0,
            0,
            0,
            0,
            0,
            0,
            0,
            0,
            0,
            0,
            0,
            0,
            0
        ],
        "crashes": 0,
        "timeouts": 0
    },
    "blue": {
        "name": "_dummy",
        "wins": 0,
        "ties": 0,
        "losses": 15,
        "times": [
            1.2971553802490234,
            1.3477466106414795,
            1.2686574459075928,
            1.25331711769104,
            1.1898303031921387,
            1.844818353652954,
            2.500056028366089,
            3.907498836517334,
            3.654160976409912,
            4.109453439712524,
            5.81043267250061,
            2.799894332885742,
            3.5889508724212646,
            3.5183255672454834,
            3.533034086227417
        ],
        "time_warnings": [
            0,
            0,
            0,
            0,
            0,
            0,
            0,
            0,
            0,
            0,
            0,
            0,
            0,
            0,
            0
        ],
        "crashes": 0,
        "timeouts": 0
    }
}
